{"resourceId":3,"properties":{"process_id":"TranslationProcess","name":"Translation Process","documentation":"","process_author":"","process_version":"","process_namespace":"http://www.activiti.org/processdef","executionlisteners":"{\"executionListeners\":[]}","eventlisteners":"{\"eventListeners\":[]}","signaldefinitions":"[]","messagedefinitions":"[]","executionvariables":"","metadata":""},"stencil":{"id":"BPMNDiagram"},"childShapes":[{"resourceId":"startEvent1","properties":{"overrideid":"startEvent1","name":"","documentation":"","executionlisteners":{"executionListeners":[]},"initiator":"","formkeydefinition":"","formreference":"","fieldstovariables":"","formproperties":"","asynchronousdefinition":false,"exclusivedefinition":true},"stencil":{"id":"StartNoneEvent"},"childShapes":[],"outgoing":[{"resourceId":"sid-2D64FD47-BDB9-4E91-9AC0-8583E92966B2"}],"bounds":{"lowerRight":{"x":130,"y":193},"upperLeft":{"x":100,"y":163}},"dockers":[]},{"resourceId":"sid-DDECD9E4-0299-433F-9193-C3D905C3EEBE","properties":{"overrideid":"sid-DDECD9E4-0299-433F-9193-C3D905C3EEBE","name":"Request translation","documentation":"","asynchronousdefinition":false,"exclusivedefinition":true,"executionlisteners":{"executionListeners":[]},"multiinstance_type":"None","multiinstance_cardinality":"","multiinstance_collection":"","multiinstance_variable":"","multiinstance_condition":"","isforcompensation":false,"usertasksendemail":true,"usertaskassignment":{"assignment":{"type":"idm","idm":{"type":"initiator"}}},"formkeydefinition":"","formreference":{"id":4,"name":"Translation request","referenceId":3},"fieldstovariables":"","duedatedefinition":"","prioritydefinition":"","categorydefinition":"","formproperties":"","tasklisteners":{"taskListeners":[]},"emailtemplate":""},"stencil":{"id":"UserTask"},"childShapes":[],"outgoing":[{"resourceId":"sid-346236BD-B00A-44FF-A097-AF1CEAFD80B3"}],"bounds":{"lowerRight":{"x":275,"y":218},"upperLeft":{"x":175,"y":138}},"dockers":[]},{"resourceId":"sid-2D64FD47-BDB9-4E91-9AC0-8583E92966B2","properties":{"overrideid":"sid-2D64FD47-BDB9-4E91-9AC0-8583E92966B2","name":"","documentation":"","conditionsequenceflow":"","executionlisteners":{"executionListeners":[]},"defaultflow":"false"},"stencil":{"id":"SequenceFlow"},"childShapes":[],"outgoing":[{"resourceId":"sid-DDECD9E4-0299-433F-9193-C3D905C3EEBE"}],"bounds":{"lowerRight":{"x":174.15625,"y":178},"upperLeft":{"x":130.609375,"y":178}},"dockers":[{"x":15,"y":15},{"x":50,"y":40}],"target":{"resourceId":"sid-DDECD9E4-0299-433F-9193-C3D905C3EEBE"}},{"resourceId":"sid-4109325C-B1EA-45FF-8EDD-0EB992031269","properties":{"overrideid":"sid-4109325C-B1EA-45FF-8EDD-0EB992031269","name":"Perform translation","documentation":"","asynchronousdefinition":true,"exclusivedefinition":false,"executionlisteners":{"executionListeners":[]},"multiinstance_type":"None","multiinstance_cardinality":"","multiinstance_collection":"","multiinstance_variable":"","multiinstance_condition":"","isforcompensation":false,"usertasksendemail":true,"usertaskassignment":{"assignment":{"type":"idm","idm":{"type":"user","assignee":{"id":1002,"firstName":"Marcus","lastName":"Roberts","email":"marcus@app.activiti.com","$$hashKey":"object:1661"}},"initiatorCanCompleteTask":false}},"formkeydefinition":"","formreference":{"id":1,"name":"Upload translation","referenceId":3,"variablesmapping":[]},"fieldstovariables":"","duedatedefinition":"","prioritydefinition":"","categorydefinition":"","formproperties":"","tasklisteners":{"taskListeners":[]},"emailtemplate":""},"stencil":{"id":"UserTask"},"childShapes":[],"outgoing":[{"resourceId":"sid-9F6CB59F-60D3-4051-ADFC-9668A0175D0C"}],"bounds":{"lowerRight":{"x":475,"y":218},"upperLeft":{"x":375,"y":138}},"dockers":[]},{"resourceId":"sid-346236BD-B00A-44FF-A097-AF1CEAFD80B3","properties":{"overrideid":"sid-346236BD-B00A-44FF-A097-AF1CEAFD80B3","name":"","documentation":"","conditionsequenceflow":"","executionlisteners":{"executionListeners":[]},"defaultflow":"false"},"stencil":{"id":"SequenceFlow"},"childShapes":[],"outgoing":[{"resourceId":"sid-4109325C-B1EA-45FF-8EDD-0EB992031269"}],"bounds":{"lowerRight":{"x":374.78125,"y":178},"upperLeft":{"x":276,"y":178}},"dockers":[{"x":50,"y":40},{"x":50,"y":40}],"target":{"resourceId":"sid-4109325C-B1EA-45FF-8EDD-0EB992031269"}},{"resourceId":"sid-B5425064-F71A-442B-92C7-F59376EE47B6","properties":{"overrideid":"sid-B5425064-F71A-442B-92C7-F59376EE47B6","name":"Approve translation","documentation":"","asynchronousdefinition":false,"exclusivedefinition":true,"executionlisteners":{"executionListeners":[]},"multiinstance_type":"None","multiinstance_cardinality":"","multiinstance_collection":"","multiinstance_variable":"","multiinstance_condition":"","isforcompensation":false,"usertasksendemail":true,"usertaskassignment":{"assignment":{"type":"idm","idm":{"type":"user","assignee":{"id":1001,"firstName":"Wilbur","lastName":"Adams","email":"wilbur@app.activiti.com","$$hashKey":"object:1852"}},"initiatorCanCompleteTask":false}},"formkeydefinition":"","formreference":{"id":2,"name":"Approval form","referenceId":null,"variablesmapping":[]},"fieldstovariables":"","duedatedefinition":"","prioritydefinition":"","categorydefinition":"","formproperties":"","tasklisteners":{"taskListeners":[]},"emailtemplate":""},"stencil":{"id":"UserTask"},"childShapes":[],"outgoing":[{"resourceId":"sid-225254B0-A8E7-4CB5-AB3F-094BD1E76B55"}],"bounds":{"lowerRight":{"x":685,"y":218},"upperLeft":{"x":585,"y":138}},"dockers":[]},{"resourceId":"sid-9F6CB59F-60D3-4051-ADFC-9668A0175D0C","properties":{"overrideid":"sid-9F6CB59F-60D3-4051-ADFC-9668A0175D0C","name":"","documentation":"","conditionsequenceflow":"","executionlisteners":{"executionListeners":[]},"defaultflow":"false"},"stencil":{"id":"SequenceFlow"},"childShapes":[],"outgoing":[{"resourceId":"sid-B5425064-F71A-442B-92C7-F59376EE47B6"}],"bounds":{"lowerRight":{"x":584.78125,"y":178},"upperLeft":{"x":475.21875,"y":178}},"dockers":[{"x":50,"y":40},{"x":50,"y":40}],"target":{"resourceId":"sid-B5425064-F71A-442B-92C7-F59376EE47B6"}},{"resourceId":"sid-5F6C972E-9503-4063-810E-9B3191FBDE1D","properties":{"overrideid":"sid-5F6C972E-9503-4063-810E-9B3191FBDE1D","name":"","documentation":"","asynchronousdefinition":false,"exclusivedefinition":true,"sequencefloworder":"","executionlisteners":{"executionListeners":[]}},"stencil":{"id":"ExclusiveGateway"},"childShapes":[],"outgoing":[{"resourceId":"sid-96E40AD8-9937-4652-BB71-1F4D1FE5CEFF"},{"resourceId":"sid-4FAF5BC7-336B-4B2B-804F-CE4CBE66EA9A"}],"bounds":{"lowerRight":{"x":770,"y":198},"upperLeft":{"x":730,"y":158}},"dockers":[]},{"resourceId":"sid-225254B0-A8E7-4CB5-AB3F-094BD1E76B55","properties":{"overrideid":"sid-225254B0-A8E7-4CB5-AB3F-094BD1E76B55","name":"","documentation":"","conditionsequenceflow":"","executionlisteners":{"executionListeners":[]},"defaultflow":"false"},"stencil":{"id":"SequenceFlow"},"childShapes":[],"outgoing":[{"resourceId":"sid-5F6C972E-9503-4063-810E-9B3191FBDE1D"}],"bounds":{"lowerRight":{"x":730.1328125,"y":178},"upperLeft":{"x":685.4140625,"y":178}},"dockers":[{"x":50,"y":40},{"x":20,"y":20}],"target":{"resourceId":"sid-5F6C972E-9503-4063-810E-9B3191FBDE1D"}},{"resourceId":"sid-F0E90055-3A0D-4FBA-BDE6-327F2DBA329E","properties":{"overrideid":"sid-F0E90055-3A0D-4FBA-BDE6-327F2DBA329E","name":"Publish translation","documentation":"","alfresco_cloud_content":{"source":"field","field":"translation","documentAspects":[{"aspectName":"cm:titled"}],"documentType":"cmis:document"},"alfresco_cloud_destination":{"account":"alfresco-1","site":"sales-collateral","path":"d71ba2bb-ae2a-48aa-b192-e85c7e48e948","path_title":"documentLibrary > Translated Content","site_title":"Sales Collateral","publish_as_type":"process_initiator"},"isforcompensation":false,"executionlisteners":{"executionListeners":[]},"exclusivedefinition":true,"asynchronousdefinition":true},"stencil":{"id":"PublishToAlfrescoCloudTask"},"childShapes":[],"outgoing":[{"resourceId":"sid-1B96B67A-F46F-4708-A676-C398F4E4C24B"}],"bounds":{"lowerRight":{"x":925.242193548,"y":218.0837419355},"upperLeft":{"x":825,"y":137.9162580645}},"dockers":[]},{"resourceId":"sid-636DB3B4-DDC5-47FB-B2B6-3F2A0498424E","properties":{"overrideid":"sid-636DB3B4-DDC5-47FB-B2B6-3F2A0498424E","name":"","documentation":"","executionlisteners":{"executionListeners":[]},"asynchronousdefinition":false,"exclusivedefinition":true},"stencil":{"id":"EndNoneEvent"},"childShapes":[],"outgoing":[],"bounds":{"lowerRight":{"x":988,"y":192},"upperLeft":{"x":960,"y":164}},"dockers":[]},{"resourceId":"sid-1B96B67A-F46F-4708-A676-C398F4E4C24B","properties":{"overrideid":"sid-1B96B67A-F46F-4708-A676-C398F4E4C24B","name":"","documentation":"","conditionsequenceflow":"","executionlisteners":{"executionListeners":[]},"defaultflow":"false"},"stencil":{"id":"SequenceFlow"},"childShapes":[],"outgoing":[{"resourceId":"sid-636DB3B4-DDC5-47FB-B2B6-3F2A0498424E"}],"bounds":{"lowerRight":{"x":959.0951542338437,"y":178},"upperLeft":{"x":925.560548387,"y":178}},"dockers":[{"x":50.12109677400002,"y":40.0837419355},{"x":14,"y":14}],"target":{"resourceId":"sid-636DB3B4-DDC5-47FB-B2B6-3F2A0498424E"}},{"resourceId":"sid-96E40AD8-9937-4652-BB71-1F4D1FE5CEFF","properties":{"overrideid":"sid-96E40AD8-9937-4652-BB71-1F4D1FE5CEFF","name":"","documentation":"","conditionsequenceflow":"","executionlisteners":{"executionListeners":[]},"defaultflow":true},"stencil":{"id":"SequenceFlow"},"childShapes":[],"outgoing":[{"resourceId":"sid-F0E90055-3A0D-4FBA-BDE6-327F2DBA329E"}],"bounds":{"lowerRight":{"x":824.2681597781093,"y":178},"upperLeft":{"x":769.5726628023906,"y":178}},"dockers":[{"x":20,"y":20},{"x":50.12109677400002,"y":40.0837419355}],"target":{"resourceId":"sid-F0E90055-3A0D-4FBA-BDE6-327F2DBA329E"}},{"resourceId":"sid-4FAF5BC7-336B-4B2B-804F-CE4CBE66EA9A","properties":{"overrideid":"sid-4FAF5BC7-336B-4B2B-804F-CE4CBE66EA9A","name":"Rejected","documentation":"","conditionsequenceflow":{"expression":{"index":"0","outcomeFormId":2,"outcomeFormName":"Approval form","rightOutcomeName":"Reject","operator":"==","type":"variables","rightOutcomeFormId":2,"rightOutcomeFormName":"Approval form"}},"executionlisteners":{"executionListeners":[]},"defaultflow":"false"},"stencil":{"id":"SequenceFlow"},"childShapes":[],"outgoing":[{"resourceId":"sid-4109325C-B1EA-45FF-8EDD-0EB992031269"}],"bounds":{"lowerRight":{"x":750,"y":263},"upperLeft":{"x":425,"y":197.59375}},"dockers":[{"x":20,"y":20},{"x":750,"y":263},{"x":425,"y":263},{"x":50,"y":40}],"target":{"resourceId":"sid-4109325C-B1EA-45FF-8EDD-0EB992031269"}}],"bounds":{"lowerRight":{"x":1200,"y":1050},"upperLeft":{"x":0,"y":0}},"stencilset":{"url":"stencilsets/bpmn2.0/bpmn2.0.json","namespace":"http://b3mn.org/stencilset/bpmn2.0#"},"ssextensions":[]}