<?xml version='1.0' encoding='UTF-8'?>
<definitions xmlns="http://www.omg.org/spec/BPMN/20100524/MODEL" xmlns:xsi="http://www.w3.org/2001/XMLSchema-instance" xmlns:xsd="http://www.w3.org/2001/XMLSchema" xmlns:activiti="http://activiti.org/bpmn" xmlns:bpmndi="http://www.omg.org/spec/BPMN/20100524/DI" xmlns:omgdc="http://www.omg.org/spec/DD/20100524/DC" xmlns:omgdi="http://www.omg.org/spec/DD/20100524/DI" typeLanguage="http://www.w3.org/2001/XMLSchema" expressionLanguage="http://www.w3.org/1999/XPath" targetNamespace="http://www.activiti.org/processdef" xmlns:modeler="http://activiti.com/modeler" modeler:version="1.0en" modeler:exportDateTime="20161102193115336" modeler:modelId="3" modeler:modelVersion="3" modeler:modelLastUpdated="1478115044735">
  <process id="TranslationProcess" name="Translation Process" isExecutable="true">
    <startEvent id="startEvent1">
      <extensionElements>
        <modeler:editor-resource-id><![CDATA[startEvent1]]></modeler:editor-resource-id>
      </extensionElements>
    </startEvent>
    <userTask id="sid-DDECD9E4-0299-433F-9193-C3D905C3EEBE" name="Request translation" activiti:assignee="$INITIATOR" activiti:formKey="4">
      <extensionElements>
        <modeler:allow-send-email><![CDATA[true]]></modeler:allow-send-email>
        <modeler:form-reference-id><![CDATA[4]]></modeler:form-reference-id>
        <modeler:form-reference-name><![CDATA[Translation request]]></modeler:form-reference-name>
        <modeler:activiti-idm-initiator><![CDATA[true]]></modeler:activiti-idm-initiator>
        <modeler:initiator-can-complete><![CDATA[false]]></modeler:initiator-can-complete>
        <modeler:editor-resource-id><![CDATA[sid-DDECD9E4-0299-433F-9193-C3D905C3EEBE]]></modeler:editor-resource-id>
      </extensionElements>
    </userTask>
    <sequenceFlow id="sid-2D64FD47-BDB9-4E91-9AC0-8583E92966B2" sourceRef="startEvent1" targetRef="sid-DDECD9E4-0299-433F-9193-C3D905C3EEBE">
      <extensionElements>
        <modeler:editor-resource-id><![CDATA[sid-2D64FD47-BDB9-4E91-9AC0-8583E92966B2]]></modeler:editor-resource-id>
      </extensionElements>
    </sequenceFlow>
    <userTask id="sid-4109325C-B1EA-45FF-8EDD-0EB992031269" name="Perform translation" activiti:async="true" activiti:exclusive="false" activiti:assignee="1002" activiti:formKey="1">
      <extensionElements>
        <activiti:executionListener event="start" class="com.activiti.runtime.activiti.ContentProcessorExecutionListener">
          <activiti:field name="externalContentHandler">
            <activiti:expression><![CDATA[${externalContentHandler}]]></activiti:expression>
          </activiti:field>
        </activiti:executionListener>
        <modeler:allow-send-email><![CDATA[true]]></modeler:allow-send-email>
        <modeler:form-reference-id><![CDATA[1]]></modeler:form-reference-id>
        <modeler:form-reference-name><![CDATA[Upload translation]]></modeler:form-reference-name>
        <modeler:activiti-idm-assignee><![CDATA[true]]></modeler:activiti-idm-assignee>
        <modeler:assignee-info-email><![CDATA[marcus@app.activiti.com]]></modeler:assignee-info-email>
        <modeler:assignee-info-firstname><![CDATA[Marcus]]></modeler:assignee-info-firstname>
        <modeler:assignee-info-lastname><![CDATA[Roberts]]></modeler:assignee-info-lastname>
        <modeler:initiator-can-complete><![CDATA[false]]></modeler:initiator-can-complete>
        <modeler:editor-resource-id><![CDATA[sid-4109325C-B1EA-45FF-8EDD-0EB992031269]]></modeler:editor-resource-id>
        <modeler:ignore-listener-on-import><![CDATA[com.activiti.runtime.activiti.ContentProcessorExecutionListener]]></modeler:ignore-listener-on-import>
      </extensionElements>
    </userTask>
    <sequenceFlow id="sid-346236BD-B00A-44FF-A097-AF1CEAFD80B3" sourceRef="sid-DDECD9E4-0299-433F-9193-C3D905C3EEBE" targetRef="sid-4109325C-B1EA-45FF-8EDD-0EB992031269">
      <extensionElements>
        <modeler:editor-resource-id><![CDATA[sid-346236BD-B00A-44FF-A097-AF1CEAFD80B3]]></modeler:editor-resource-id>
      </extensionElements>
    </sequenceFlow>
    <userTask id="sid-B5425064-F71A-442B-92C7-F59376EE47B6" name="Approve translation" activiti:assignee="1001" activiti:formKey="2">
      <extensionElements>
        <modeler:allow-send-email><![CDATA[true]]></modeler:allow-send-email>
        <modeler:form-reference-id><![CDATA[2]]></modeler:form-reference-id>
        <modeler:form-reference-name><![CDATA[Approval form]]></modeler:form-reference-name>
        <modeler:activiti-idm-assignee><![CDATA[true]]></modeler:activiti-idm-assignee>
        <modeler:assignee-info-email><![CDATA[wilbur@app.activiti.com]]></modeler:assignee-info-email>
        <modeler:assignee-info-firstname><![CDATA[Wilbur]]></modeler:assignee-info-firstname>
        <modeler:assignee-info-lastname><![CDATA[Adams]]></modeler:assignee-info-lastname>
        <modeler:initiator-can-complete><![CDATA[false]]></modeler:initiator-can-complete>
        <modeler:editor-resource-id><![CDATA[sid-B5425064-F71A-442B-92C7-F59376EE47B6]]></modeler:editor-resource-id>
      </extensionElements>
    </userTask>
    <sequenceFlow id="sid-9F6CB59F-60D3-4051-ADFC-9668A0175D0C" sourceRef="sid-4109325C-B1EA-45FF-8EDD-0EB992031269" targetRef="sid-B5425064-F71A-442B-92C7-F59376EE47B6">
      <extensionElements>
        <modeler:editor-resource-id><![CDATA[sid-9F6CB59F-60D3-4051-ADFC-9668A0175D0C]]></modeler:editor-resource-id>
      </extensionElements>
    </sequenceFlow>
    <exclusiveGateway id="sid-5F6C972E-9503-4063-810E-9B3191FBDE1D" default="sid-96E40AD8-9937-4652-BB71-1F4D1FE5CEFF">
      <extensionElements>
        <modeler:editor-resource-id><![CDATA[sid-5F6C972E-9503-4063-810E-9B3191FBDE1D]]></modeler:editor-resource-id>
      </extensionElements>
    </exclusiveGateway>
    <sequenceFlow id="sid-225254B0-A8E7-4CB5-AB3F-094BD1E76B55" sourceRef="sid-B5425064-F71A-442B-92C7-F59376EE47B6" targetRef="sid-5F6C972E-9503-4063-810E-9B3191FBDE1D">
      <extensionElements>
        <modeler:editor-resource-id><![CDATA[sid-225254B0-A8E7-4CB5-AB3F-094BD1E76B55]]></modeler:editor-resource-id>
      </extensionElements>
    </sequenceFlow>
    <serviceTask id="sid-F0E90055-3A0D-4FBA-BDE6-327F2DBA329E" name="Publish translation" activiti:async="true" activiti:class="com.activiti.runtime.activiti.KickstartAlfrescoPublishDelegate">
      <extensionElements>
        <activiti:field name="relatedContentService">
          <activiti:expression><![CDATA[${relatedContentService}]]></activiti:expression>
        </activiti:field>
        <activiti:field name="relatedContentProcessor">
          <activiti:expression><![CDATA[${relatedContentProcessor}]]></activiti:expression>
        </activiti:field>
        <activiti:field name="historyService">
          <activiti:expression><![CDATA[${historyService}]]></activiti:expression>
        </activiti:field>
        <activiti:field name="alfrescoMetadataProcessor">
          <activiti:expression><![CDATA[${alfrescoMetadataProcessor}]]></activiti:expression>
        </activiti:field>
        <activiti:field name="contentSource">
          <activiti:string><![CDATA[field]]></activiti:string>
        </activiti:field>
        <activiti:field name="documentType">
          <activiti:string><![CDATA[cmis:document]]></activiti:string>
        </activiti:field>
        <activiti:field name="documentAspects">
          <activiti:string><![CDATA[[{"aspectName":"cm:titled"}]]]></activiti:string>
        </activiti:field>
        <activiti:field name="account">
          <activiti:string><![CDATA[alfresco-1]]></activiti:string>
        </activiti:field>
        <activiti:field name="site">
          <activiti:string><![CDATA[sales-collateral]]></activiti:string>
        </activiti:field>
        <activiti:field name="publishAsType">
          <activiti:string><![CDATA[process_initiator]]></activiti:string>
        </activiti:field>
        <activiti:field name="path">
          <activiti:string><![CDATA[d71ba2bb-ae2a-48aa-b192-e85c7e48e948]]></activiti:string>
        </activiti:field>
        <activiti:field name="contentContainer">
          <activiti:string><![CDATA[translation]]></activiti:string>
        </activiti:field>
        <modeler:site_title><![CDATA[Sales Collateral]]></modeler:site_title>
        <modeler:path_title><![CDATA[documentLibrary > Translated Content]]></modeler:path_title>
        <modeler:editor-resource-id><![CDATA[sid-F0E90055-3A0D-4FBA-BDE6-327F2DBA329E]]></modeler:editor-resource-id>
      </extensionElements>
    </serviceTask>
    <endEvent id="sid-636DB3B4-DDC5-47FB-B2B6-3F2A0498424E">
      <extensionElements>
        <modeler:editor-resource-id><![CDATA[sid-636DB3B4-DDC5-47FB-B2B6-3F2A0498424E]]></modeler:editor-resource-id>
      </extensionElements>
    </endEvent>
    <sequenceFlow id="sid-1B96B67A-F46F-4708-A676-C398F4E4C24B" sourceRef="sid-F0E90055-3A0D-4FBA-BDE6-327F2DBA329E" targetRef="sid-636DB3B4-DDC5-47FB-B2B6-3F2A0498424E">
      <extensionElements>
        <modeler:editor-resource-id><![CDATA[sid-1B96B67A-F46F-4708-A676-C398F4E4C24B]]></modeler:editor-resource-id>
      </extensionElements>
    </sequenceFlow>
    <sequenceFlow id="sid-96E40AD8-9937-4652-BB71-1F4D1FE5CEFF" sourceRef="sid-5F6C972E-9503-4063-810E-9B3191FBDE1D" targetRef="sid-F0E90055-3A0D-4FBA-BDE6-327F2DBA329E">
      <extensionElements>
        <modeler:editor-resource-id><![CDATA[sid-96E40AD8-9937-4652-BB71-1F4D1FE5CEFF]]></modeler:editor-resource-id>
      </extensionElements>
    </sequenceFlow>
    <sequenceFlow id="sid-4FAF5BC7-336B-4B2B-804F-CE4CBE66EA9A" name="Rejected" sourceRef="sid-5F6C972E-9503-4063-810E-9B3191FBDE1D" targetRef="sid-4109325C-B1EA-45FF-8EDD-0EB992031269">
      <extensionElements>
        <modeler:conditionDefinition modeler:index="0" modeler:outcomeFormId="2" modeler:outcomeFormName="Approval form" modeler:rightOutcomeName="Reject" modeler:operator="=="/>
        <modeler:editor-resource-id><![CDATA[sid-4FAF5BC7-336B-4B2B-804F-CE4CBE66EA9A]]></modeler:editor-resource-id>
      </extensionElements>
      <conditionExpression xsi:type="tFormalExpression"><![CDATA[${(activiti_flowConditionsBean.exists(execution, 'form2outcome') && form2outcome == 'Reject')}]]></conditionExpression>
    </sequenceFlow>
  </process>
  <bpmndi:BPMNDiagram id="BPMNDiagram_TranslationProcess">
    <bpmndi:BPMNPlane bpmnElement="TranslationProcess" id="BPMNPlane_TranslationProcess">
      <bpmndi:BPMNShape bpmnElement="startEvent1" id="BPMNShape_startEvent1">
        <omgdc:Bounds height="30.0" width="30.0" x="100.0" y="163.0"/>
      </bpmndi:BPMNShape>
      <bpmndi:BPMNShape bpmnElement="sid-DDECD9E4-0299-433F-9193-C3D905C3EEBE" id="BPMNShape_sid-DDECD9E4-0299-433F-9193-C3D905C3EEBE">
        <omgdc:Bounds height="80.0" width="100.0" x="175.0" y="138.0"/>
      </bpmndi:BPMNShape>
      <bpmndi:BPMNShape bpmnElement="sid-4109325C-B1EA-45FF-8EDD-0EB992031269" id="BPMNShape_sid-4109325C-B1EA-45FF-8EDD-0EB992031269">
        <omgdc:Bounds height="80.0" width="100.0" x="375.0" y="138.0"/>
      </bpmndi:BPMNShape>
      <bpmndi:BPMNShape bpmnElement="sid-B5425064-F71A-442B-92C7-F59376EE47B6" id="BPMNShape_sid-B5425064-F71A-442B-92C7-F59376EE47B6">
        <omgdc:Bounds height="80.0" width="100.0" x="585.0" y="138.0"/>
      </bpmndi:BPMNShape>
      <bpmndi:BPMNShape bpmnElement="sid-5F6C972E-9503-4063-810E-9B3191FBDE1D" id="BPMNShape_sid-5F6C972E-9503-4063-810E-9B3191FBDE1D">
        <omgdc:Bounds height="40.0" width="40.0" x="730.0" y="158.0"/>
      </bpmndi:BPMNShape>
      <bpmndi:BPMNShape bpmnElement="sid-F0E90055-3A0D-4FBA-BDE6-327F2DBA329E" id="BPMNShape_sid-F0E90055-3A0D-4FBA-BDE6-327F2DBA329E">
        <omgdc:Bounds height="80.167483871" width="100.24219354800005" x="825.0" y="137.9162580645"/>
      </bpmndi:BPMNShape>
      <bpmndi:BPMNShape bpmnElement="sid-636DB3B4-DDC5-47FB-B2B6-3F2A0498424E" id="BPMNShape_sid-636DB3B4-DDC5-47FB-B2B6-3F2A0498424E">
        <omgdc:Bounds height="28.0" width="28.0" x="960.0" y="164.0"/>
      </bpmndi:BPMNShape>
      <bpmndi:BPMNEdge bpmnElement="sid-1B96B67A-F46F-4708-A676-C398F4E4C24B" id="BPMNEdge_sid-1B96B67A-F46F-4708-A676-C398F4E4C24B">
        <omgdi:waypoint x="925.242193548" y="178.0"/>
        <omgdi:waypoint x="960.0" y="178.0"/>
      </bpmndi:BPMNEdge>
      <bpmndi:BPMNEdge bpmnElement="sid-346236BD-B00A-44FF-A097-AF1CEAFD80B3" id="BPMNEdge_sid-346236BD-B00A-44FF-A097-AF1CEAFD80B3">
        <omgdi:waypoint x="275.0" y="178.0"/>
        <omgdi:waypoint x="375.0" y="178.0"/>
      </bpmndi:BPMNEdge>
      <bpmndi:BPMNEdge bpmnElement="sid-96E40AD8-9937-4652-BB71-1F4D1FE5CEFF" id="BPMNEdge_sid-96E40AD8-9937-4652-BB71-1F4D1FE5CEFF">
        <omgdi:waypoint x="770.0" y="178.0"/>
        <omgdi:waypoint x="825.0" y="178.0"/>
      </bpmndi:BPMNEdge>
      <bpmndi:BPMNEdge bpmnElement="sid-225254B0-A8E7-4CB5-AB3F-094BD1E76B55" id="BPMNEdge_sid-225254B0-A8E7-4CB5-AB3F-094BD1E76B55">
        <omgdi:waypoint x="685.0" y="178.0"/>
        <omgdi:waypoint x="730.0" y="178.0"/>
      </bpmndi:BPMNEdge>
      <bpmndi:BPMNEdge bpmnElement="sid-9F6CB59F-60D3-4051-ADFC-9668A0175D0C" id="BPMNEdge_sid-9F6CB59F-60D3-4051-ADFC-9668A0175D0C">
        <omgdi:waypoint x="475.0" y="178.0"/>
        <omgdi:waypoint x="585.0" y="178.0"/>
      </bpmndi:BPMNEdge>
      <bpmndi:BPMNEdge bpmnElement="sid-2D64FD47-BDB9-4E91-9AC0-8583E92966B2" id="BPMNEdge_sid-2D64FD47-BDB9-4E91-9AC0-8583E92966B2">
        <omgdi:waypoint x="130.0" y="178.0"/>
        <omgdi:waypoint x="175.0" y="178.0"/>
      </bpmndi:BPMNEdge>
      <bpmndi:BPMNEdge bpmnElement="sid-4FAF5BC7-336B-4B2B-804F-CE4CBE66EA9A" id="BPMNEdge_sid-4FAF5BC7-336B-4B2B-804F-CE4CBE66EA9A">
        <omgdi:waypoint x="750.0" y="198.0"/>
        <omgdi:waypoint x="750.0" y="263.0"/>
        <omgdi:waypoint x="425.0" y="263.0"/>
        <omgdi:waypoint x="425.0" y="218.0"/>
      </bpmndi:BPMNEdge>
    </bpmndi:BPMNPlane>
  </bpmndi:BPMNDiagram>
</definitions>