{"models":[{"id":3,"name":"Translation Process","version":3,"modelType":0,"description":"","stencilSetId":null,"createdByFullName":" Administrator","createdBy":1,"lastUpdatedByFullName":" Administrator","lastUpdatedBy":1,"lastUpdated":"2016-11-02T19:30:44.735+0000"}],"theme":"theme-1","icon":"glyphicon-asterisk","publishIdentityInfo":[{"type":"user","person":{"id":1001,"firstName":"Wilbur","lastName":"Adams","email":"wilbur@app.activiti.com"},"group":null},{"type":"user","person":{"id":1002,"firstName":"Marcus","lastName":"Roberts","email":"marcus@app.activiti.com"},"group":null}]}